{"cameraMode":{"drawMode":0,"name":"Shaded","section":"Shading Mode"},"sceneLighting":true,"audioPlay":false,"sceneViewState":{"showFog":true,"showMaterialUpdate":false,"showSkybox":true,"showFlares":true,"showImageEffects":true,"showParticleSystems":true},"in2DMode":false,"pivot":{"x":-0.8068267107009888,"y":0.45307350158691409,"z":-0.3061697483062744},"rotation":{"x":0.6225525736808777,"y":0.001173870638012886,"z":-0.0009338904055766761,"w":0.7825782895088196},"size":5.938816547393799,"orthographic":false}