{"cameraMode":{"drawMode":0,"name":"Shaded","section":"Shading Mode"},"sceneLighting":true,"audioPlay":false,"sceneViewState":{"showFog":true,"showMaterialUpdate":false,"showSkybox":true,"showFlares":true,"showImageEffects":true,"showParticleSystems":true},"in2DMode":false,"pivot":{"x":-0.08029603958129883,"y":1.031232237815857,"z":-0.21960341930389405},"rotation":{"x":-0.021445563063025476,"y":-0.9735905528068543,"z":0.20293684303760529,"w":-0.10288046300411225},"size":1.3143208026885987,"orthographic":false}