{"cameraMode":{"drawMode":0,"name":"Shaded","section":"Shading Mode"},"sceneLighting":false,"audioPlay":false,"sceneViewState":{"showFog":true,"showMaterialUpdate":false,"showSkybox":false,"showFlares":true,"showImageEffects":true,"showParticleSystems":true},"in2DMode":false,"pivot":{"x":0.2470390796661377,"y":0.7137224674224854,"z":2.10589599609375},"rotation":{"x":-0.07996593415737152,"y":-0.9175564050674439,"z":0.30816343426704409,"w":-0.23831336200237275},"size":2.8299036026000978,"orthographic":false}