{"cameraMode":{"drawMode":0,"name":"Shaded","section":"Shading Mode"},"sceneLighting":false,"audioPlay":false,"sceneViewState":{"showFog":true,"showMaterialUpdate":false,"showSkybox":false,"showFlares":true,"showImageEffects":true,"showParticleSystems":true},"in2DMode":false,"pivot":{"x":-0.13262739777565003,"y":-0.0625147819519043,"z":0.873109757900238},"rotation":{"x":-0.7054243087768555,"y":0.0002137984847649932,"z":-0.00020836692419834435,"w":-0.7088158130645752},"size":2.7773420810699465,"orthographic":false}