{"cameraMode":{"drawMode":0,"name":"Shaded","section":"Shading Mode"},"sceneLighting":false,"audioPlay":false,"sceneViewState":{"showFog":true,"showMaterialUpdate":false,"showSkybox":false,"showFlares":true,"showImageEffects":true,"showParticleSystems":true},"in2DMode":false,"pivot":{"x":-0.19811081886291505,"y":-0.14857280254364015,"z":0.25619691610336306},"rotation":{"x":-0.06590595096349716,"y":0.6637431383132935,"z":-0.05889217182993889,"w":-0.7427300810813904},"size":1.2505712509155274,"orthographic":false}